{"cameraMode":{"drawMode":0,"name":"Shaded","section":"Shading Mode"},"sceneLighting":false,"audioPlay":false,"sceneViewState":{"m_AlwaysRefresh":false,"showFog":true,"showSkybox":false,"showFlares":true,"showImageEffects":true,"showParticleSystems":true,"showVisualEffectGraphs":true,"m_FxEnabled":true},"in2DMode":false,"pivot":{"x":0.00043010711669921875,"y":-0.17535507678985597,"z":-0.000002030283212661743},"rotation":{"x":-0.12806329131126405,"y":-0.36168959736824038,"z":0.05023212358355522,"w":-0.9220961928367615},"size":0.42973655462265017,"orthographic":true}