{"cameraMode":{"drawMode":0,"name":"Shaded","section":"Shading Mode"},"sceneLighting":false,"audioPlay":false,"sceneViewState":{"m_AlwaysRefresh":false,"showFog":true,"showSkybox":false,"showFlares":true,"showImageEffects":true,"showParticleSystems":true,"showVisualEffectGraphs":true,"m_FxEnabled":true},"in2DMode":false,"pivot":{"x":-0.31561362743377688,"y":0.37170419096946719,"z":-0.20640107989311219},"rotation":{"x":0.019487157464027406,"y":-0.034486256539821628,"z":0.0006716587813571096,"w":0.9992194175720215},"size":0.668620228767395,"orthographic":true}