{"cameraMode":{"drawMode":0,"name":"Shaded","section":"Shading Mode"},"sceneLighting":false,"audioPlay":false,"sceneViewState":{"m_AlwaysRefresh":false,"showFog":true,"showSkybox":false,"showFlares":true,"showImageEffects":true,"showParticleSystems":true,"showVisualEffectGraphs":true,"m_FxEnabled":true},"in2DMode":false,"pivot":{"x":-0.013554573059082032,"y":0.5480653047561646,"z":-0.0003282502293586731},"rotation":{"x":-0.12806329131126405,"y":-0.36168959736824038,"z":0.05023212358355522,"w":-0.9220961928367615},"size":0.849989116191864,"orthographic":true}