{"cameraMode":{"drawMode":0,"name":"Shaded","section":"Shading Mode"},"sceneLighting":true,"audioPlay":false,"sceneViewState":{"m_AlwaysRefresh":false,"showFog":true,"showSkybox":true,"showFlares":true,"showImageEffects":true,"showParticleSystems":true,"showVisualEffectGraphs":true,"m_FxEnabled":true},"in2DMode":false,"pivot":{"x":25.95339012145996,"y":3.3127827644348146,"z":19.787857055664064},"rotation":{"x":0.0018256825860589743,"y":0.9981753826141357,"z":-0.0419480986893177,"w":0.04344847798347473},"size":1.914400577545166,"orthographic":false}