{"cameraMode":{"drawMode":0,"name":"Shaded","section":"Shading Mode"},"sceneLighting":true,"audioPlay":false,"sceneViewState":{"m_AlwaysRefresh":false,"showFog":true,"showSkybox":true,"showFlares":true,"showImageEffects":true,"showParticleSystems":true,"showVisualEffectGraphs":true,"m_FxEnabled":true},"in2DMode":false,"pivot":{"x":20.424087524414064,"y":1.287742018699646,"z":5.610909461975098},"rotation":{"x":0.000047577919758623466,"y":0.9999403953552246,"z":-0.004499657545238733,"w":0.010499486699700356},"size":2.5838077068328859,"orthographic":false}