{"cameraMode":{"drawMode":0,"name":"Shaded","section":"Shading Mode"},"sceneLighting":true,"audioPlay":false,"sceneViewState":{"m_AlwaysRefresh":false,"showFog":true,"showSkybox":true,"showFlares":true,"showImageEffects":true,"showParticleSystems":true,"showVisualEffectGraphs":true,"m_FxEnabled":true},"in2DMode":false,"pivot":{"x":21.85788345336914,"y":1.5641261339187623,"z":6.168912410736084},"rotation":{"x":0.009345639497041703,"y":0.987380862236023,"z":-0.06377431005239487,"w":0.14468613266944886},"size":1.6214520931243897,"orthographic":false}