{"cameraMode":{"drawMode":0,"name":"Shaded","section":"Shading Mode"},"sceneLighting":true,"audioPlay":false,"sceneViewState":{"m_AlwaysRefresh":false,"showFog":true,"showSkybox":false,"showFlares":true,"showImageEffects":true,"showParticleSystems":false,"showVisualEffectGraphs":true,"m_FxEnabled":true},"in2DMode":false,"pivot":{"x":97.37037658691406,"y":-51.28247833251953,"z":104.33086395263672},"rotation":{"x":0.7244019508361816,"y":-0.02582593634724617,"z":0.027178026735782625,"w":0.6883679628372192},"size":126.60118103027344,"orthographic":false}