{"cameraMode":{"drawMode":0,"name":"Shaded","section":"Shading Mode"},"sceneLighting":false,"audioPlay":false,"sceneViewState":{"m_AlwaysRefresh":false,"showFog":true,"showSkybox":false,"showFlares":true,"showImageEffects":true,"showParticleSystems":true,"showVisualEffectGraphs":true,"m_FxEnabled":true},"in2DMode":false,"pivot":{"x":0.000072479248046875,"y":-0.4538448452949524,"z":-0.000004954636096954346},"rotation":{"x":-0.03513849154114723,"y":-0.9505435228347778,"z":0.11692816019058228,"w":-0.2856113314628601},"size":0.8655583262443543,"orthographic":true}