{"cameraMode":{"drawMode":0,"name":"Shaded","section":"Shading Mode"},"sceneLighting":true,"audioPlay":false,"sceneViewState":{"m_AlwaysRefresh":false,"showFog":true,"showSkybox":false,"showFlares":true,"showImageEffects":true,"showParticleSystems":true,"showVisualEffectGraphs":true,"m_FxEnabled":true},"in2DMode":false,"pivot":{"x":-0.6860263347625732,"y":3.664999485015869,"z":0.000042438507080078125},"rotation":{"x":-0.12459112703800202,"y":-0.8732346296310425,"z":0.29851824045181277,"w":-0.36445924639701846},"size":13.220428466796875,"orthographic":false}