{"cameraMode":{"drawMode":0,"name":"Shaded","section":"Shading Mode"},"sceneLighting":false,"audioPlay":false,"sceneViewState":{"m_AlwaysRefresh":false,"showFog":true,"showSkybox":false,"showFlares":true,"showImageEffects":true,"showParticleSystems":true,"showVisualEffectGraphs":true,"m_FxEnabled":true},"in2DMode":false,"pivot":{"x":-0.016805380582809449,"y":-0.2189648151397705,"z":-0.00040221214294433594},"rotation":{"x":-0.12806329131126405,"y":-0.36168959736824038,"z":0.05023212358355522,"w":-0.9220961928367615},"size":0.7712903618812561,"orthographic":true}