{"cameraMode":{"drawMode":0,"name":"Shaded","section":"Shading Mode"},"sceneLighting":false,"audioPlay":false,"sceneViewState":{"m_AlwaysRefresh":false,"showFog":true,"showSkybox":false,"showFlares":true,"showImageEffects":true,"showParticleSystems":true,"showVisualEffectGraphs":true,"m_FxEnabled":true},"in2DMode":false,"pivot":{"x":0.2710857391357422,"y":0.22476866841316224,"z":0.10198819637298584},"rotation":{"x":0.0050619542598724369,"y":0.9949308633804321,"z":0.06875947117805481,"w":-0.07326039671897888},"size":0.569578230381012,"orthographic":false}