{"cameraMode":{"drawMode":0,"name":"Shaded","section":"Shading Mode"},"sceneLighting":false,"audioPlay":false,"sceneViewState":{"m_AlwaysRefresh":false,"showFog":true,"showSkybox":false,"showFlares":true,"showImageEffects":true,"showParticleSystems":true,"showVisualEffectGraphs":true,"m_FxEnabled":true},"in2DMode":false,"pivot":{"x":-0.01100330799818039,"y":0.22813250124454499,"z":0.06252014636993408},"rotation":{"x":-0.12590497732162476,"y":0.3758300244808197,"z":0.05162215977907181,"w":0.9166465401649475},"size":0.8660253882408142,"orthographic":true}