{"cameraMode":{"drawMode":0,"name":"Shaded","section":"Shading Mode"},"sceneLighting":false,"audioPlay":false,"sceneViewState":{"m_AlwaysRefresh":false,"showFog":true,"showSkybox":false,"showFlares":true,"showImageEffects":true,"showParticleSystems":false,"showVisualEffectGraphs":true,"m_FxEnabled":true},"in2DMode":false,"pivot":{"x":40.35009002685547,"y":2.072335958480835,"z":74.89376831054688},"rotation":{"x":0.018896188586950303,"y":0.007499171886593103,"z":-0.00013840744213666767,"w":0.9997998476028442},"size":6.841391086578369,"orthographic":false}