{"cameraMode":{"drawMode":0,"name":"Shaded","section":"Shading Mode"},"sceneLighting":false,"audioPlay":false,"sceneViewState":{"m_AlwaysRefresh":false,"showFog":true,"showSkybox":false,"showFlares":true,"showImageEffects":true,"showParticleSystems":true,"showVisualEffectGraphs":true,"m_FxEnabled":true},"in2DMode":false,"pivot":{"x":0.0368117094039917,"y":0.5999284386634827,"z":0.00037545710802078247},"rotation":{"x":-0.016183027997612954,"y":0.9819300770759583,"z":-0.1604790836572647,"w":-0.09901883453130722},"size":0.758928120136261,"orthographic":false}